Red,Blue,Yellow,Winner
Inkling,Bowser Jr.,Mii Gunner,Yellow
,Bowser,Joker,Blue
Greninja,Cloud,Mii Swordfighter,Red
Diddy Kong,Steve,Wario,Blue
Palutena,Ken,Banjo & Kazooie,Yellow
Min Min,Pikachu,Lucas,Red
Kirby,Piranha Plant,Joker,Yellow
Ganondorf,Marth,Dr. Mario,Blue
Daisy,Samus,Banjo & Kazooie,Yellow
Cloud,Captain Falcon,Young Link,Red
Captain Falcon,Random,Ice Climbers,Red
Pikachu,Dark Pit,Greninja,Yellow
Roy,Pichu,Kazuya,Red
,Rosalina & Luma,Bowser,Yellow
Lucas,Marth,Sheik,Yellow
Hero,Dark Samus,Wolf,Blue
Olimar,Mii Gunner,Greninja,Blue
Chrom,Villager,Olimar,Red
Piranha Plant,Incineroar,,Blue
Young Link,Corrin,Yoshi,Yellow
Ness,Hero,Dark Pit,Blue
Random,Dark Pit,Sephiroth,Blue
Chrom,Greninja,Marth,Blue
Wii Fit Trainer,Zelda,Olimar,Yellow
Rosalina & Luma,King K. Rool,Chrom,Blue
Daisy,Wario,Jigglypuff,Red
King Dedede,Mii Swordfighter,,Blue
Sonic,Palutena,Ganondorf,Blue
Wii Fit Trainer,Bowser Jr.,Snake,Blue
Yoshi,Ken,Mewtwo,Blue
Link,Mega Man,Random,Red
Random,Peach,Link,Blue
Bowser,Mega Man,Simon,Yellow
Ken,Luigi,Mii Swordfighter,Yellow
,Simon,Corrin,Blue
Duck Hunt,Greninja,Wolf,Red
Diddy Kong,Sora,Mii Swordfighter,Blue
Random,Fox,Dr. Mario,Yellow
Lucas,Steve,Palutena,Blue
Zero Suit Samus,Terry,Mii Brawler,Blue
Sonic,Ness,,Red
Lucario,Piranha Plant,Kirby,Blue
Sora,Bowser Jr.,Kirby,Blue
Inkling,Incineroar,,Blue
Yoshi,Incineroar,Kazuya,Blue
Villager,Bayonetta,Donkey Kong,Red
Banjo & Kazooie,Corrin,Ridley,Yellow
Rosalina & Luma,King K. Rool,Young Link,Blue
Olimar,Sephiroth,,Blue
Zelda,Ryu,Isabelle,Yellow
Toon Link,Corrin,Young Link,Blue
Chrom,Ike,Piranha Plant,Blue
Duck Hunt,Ryu,Kazuya,Yellow
Toon Link,Falco,Simon,Blue
Greninja,Marth,Rosalina & Luma,Red
Isabelle,Sephiroth,Sheik,Blue
Sonic,Terry,Cloud,Yellow
Pikachu,Min Min,Link,Blue
Yoshi,Simon,,Blue
Wii Fit Trainer,Chrom,Marth,Blue
Greninja,Random,Duck Hunt,Blue
Donkey Kong,Corrin,Terry,Red
Sheik,Piranha Plant,Pichu,Yellow
Sonic,R.O.B,Pokemon Trainer,Red
Bayonetta,Wii Fit Trainer,Hero,Yellow
Link,Lucina,Rosalina & Luma,Red
Mega Man,Random,Peach,Red
Falco,Ridley,Jigglypuff,Blue
Bayonetta,R.O.B.,Donkey Kong,Blue
Diddy Kong,Mario,Lucas,Blue
Inkling,Ike,,Blue
,Incineroar,Cloud,Blue
Mii Gunner,Random,Young Link,Yellow
Kirby,Jigglypuff,Luigi,Blue
Inkling,Bowser Jr.,Lucas,Yellow
Pyra & Mythra,Mii Swordfighter,Sonic,Blue
Mario,Dark Samus,,Red
Toon Link,,Banjo & Kazooie,Yellow
Zelda,Sephiroth,,Blue
Kazuya,Lucina,Mega Man,Red
Random,Kazuya,Hero,Blue
Donkey Kong,Pyra & Mythra,Bowser Jr.,Blue
Isabelle,Zero Suit Samus,Mario,Yellow
Mii Gunner,Incineroar,Pit,Blue
,Mii Gunner,Little Mac,Yellow
Min Min,King K. Rool,,Blue
Mario,Chrom,Little Mac,Red
Luigi,Mii Gunner,Peach,Red
King K. Rool,Pyra & Mythra,,Blue
Random,Kazuya,Young Link,Blue
Kazuya,Mr. Game & Watch,Sonic,Red
Mii Gunner,Wolf,Captain Falcon,Red
Duck Hunt,Mii Brawler,Ness,Red
Incineroar,"Bowser Jr,",,Blue
Ice Climbers,Zelda,Meta Knight,Red
Banjo & Kazooie,King K. Rool,,Red
Inkling,Sephiroth,Villager,Blue
Lucas,Yoshi,Hero,Red
Dark Samus,Dark Samus,,Red
King Dedede,Kirby,Sora,Blue
Dr. Mario,Steve,Ridley,Yellow
Pyra & Mythra,Little Mac,Peach,Red
,Little Mac,,
Terry,Mii Swordfighter,Dark Pit,Blue
Pyra & Mythra,,,Blue
,Pyra & Mythra,Lucina,Blue
Cloud,Luigi,Piranha Plant,Red
Mii Brawler,Snake,Bowser,Blue
Joker,Pokemon Trainer,,Red
,Terry,Ken,Blue
Inkling,Ike,Banjo & Kazooie,Red
Pac-Man,Bayonetta,Yoshi,Red
Pokemon Trainer,Luigi,Pokemon Trainer,Blue
Piranha Plant,Incineroar,,Blue
King Dedede,Dr. Mario,Falco,Red
King Dedede,,Little Mac,Red
Sephiroth,Little Mac,Mega Man,Yellow
Inkling,King K. Rool,Wii Fit Trainer,Red
,Simon,Bayonetta,Blue
Steve,Jigglypuff,Ken,Yellow
Banjo & Kazooie,Mii Gunner,Bayonetta,Blue
Marth,Hero,Ken,Blue
,Shulk,Hero,Blue
Yoshi,King K. Rool,,Blue
Link,Pit,Little Mac,Blue
Villager,Banjo & Kazooie,Pokemon Trainer,Blue
Palutena,R.O.B.,Robin,Red
Inkling,Pyra & Mythra,Palutena,Red
Mario,Pyra & Mythra,,Blue
Yoshi,Simon,Terry,Blue
Toon Link,King K. Rool,,Blue
Inkling,Palutena,Olimar,Red
Meta Knight,Mewtwo,Kirby,Yellow
Dr. Mario,Dark Pit,Pikachu,Blue
Diddy Kong,Pikachu,,Blue
Isabelle,Samus,Cloud,Red
Mii Swordfighter,Banjo & Kazooie,Wario,Blue
Isabelle,Lucina,Little Mac,Blue
,Incineroar,Lucario,Blue
Luigi,Random,Jigglypuff,Blue
Simon,Terry,Piranha Plant,Yellow
Fox,Pac-Man,Ryu,Blue
Isabelle,Marth,Sephiroth,Blue
Bayonetta,Yoshi,Daisy,Yellow
Toon Link,Peach,Banjo & Kazooie,Yellow
Random,Sora,Link,Red
Random,Bayonetta,Wii Fit Trainer,Yellow
Piranha Plant,Young Link,,Red
,,Little Mac,
Ness,Dark Pit,Palutena,Blue
,Banjo & Kazooie,Little Mac,Blue
Daisy,Sephiroth,,Blue
Pokemon Trainer,Bowser Jr.,Luigi,Blue
Wario,Mario,Link,Blue
Cloud,King K. Rool,Mewtwo,Blue
Snake,Random,Little Mac,Blue
Rosalina & Luma,Wario,Villager,Yellow
Dark Pit,Steve,,Blue
Young Link,Samus,,Blue
Greninja,Kirby,Young Link,Red
Mario,Pyra & Mythra,,Red
Bowser Jr.,Simon,Zero Suit Samus,Blue
Peach,Bowser Jr.,,Blue
Mega Man,Pit,Mii Swordfighter,Yellow
,Ike,Little Mac,Blue
Mario,,Banjo & Kazooie,Red
,Shulk,Shulk,Blue
Banjo & Kazooie,Sephiroth,Pokemon Trainer,Red
Donkey Kong,Little Mac,Meta Knight,Red
,Roy,Joker,Blue
Lucario,Ryu,Olimar,Yellow
Ridley,Zero Suit Samus,Bayonetta,Red
Wii Fit Trainer,Olimar,Ice Climbers,Red
Min Min,Mii Gunner,Luigi,Yellow
Robin,Ridley,Olimar,Red
,Ike,Shulk,Blue
Captain Falcon,Donkey Kong,Toon Link,Yellow
Simon,Robin,Lucina,Blue
Pokemon Trainer,Young Link,Mega Man,Yellow
King Dedede,Random,Peach,Red
Min Min,Hero,Wario,Blue
Ike,Richter,Marth,Yellow
Min Min,Sephiroth,,Blue
Joker,Bowser Jr.,,Red
Rosalina & Luma,Min Min,King Dedede,Blue
Byleth,Pit,Joker,Yellow
Samus,Mii Brawler,Young Link,Yellow
Pikachu,Roy,Jigglypuff,Yellow
,Robin,Palutena,Blue
Mii Brawler,Ganondorf,Sephiroth,Yellow
,Cloud,Jigglypuff,Blue
Palutena,Ridley,Ike,Yellow
Snake,Mr. Game & Watch,Pit,Yellow
Dark Samus,Samus,Pac-Man,Yellow
Ken,Wii Fit Trainer,Little Mac,Blue
Richter,Link,Bowser,Blue
Meta Knight,Samus,,Blue
Min Min,Mii Swordfighter,Little Mac,Red
Donkey Kong,Richter,Ridley,Yellow
Corrin,Link,Zelda,Blue
Kazuya,Sora,Duck Hunt,Blue
,Byleth,Link,Blue
Dr. Mario,Piranha Plant,Meta Knight,Blue
Pokemon Trainer,Simon,Yoshi,Yellow
Simon,Luigi,Shulk,Blue
Isabelle,Ness,Daisy,Blue
Sheik,Bowser Jr.,Link,Blue
Mewtwo,Pichu,Toon Link,Red
Rosalina & Luma,Corrin,Shulk,Blue
Mega Man,Ice Climbers,Link,Yellow
Snake,Wario,Mr. Game & Watch,Blue
Mewtwo,Pikachu,Dr. Mario,Blue
Ryu,Mii Gunner,King Dedede,Blue
Snake,Sonic,Link,Yellow
Banjo & Kazooie,Byleth,Inkling,Blue
Ken,Bowser,Mii Brawler,Blue
Toon Link,Sheik,Pac-Man,Yellow
Ike,Dark Samus,,Blue
Terry,Corrin,Greninja,Blue
Peach,Pyra & Mythra,,Blue
Bowser,Kazuya,Roy,Red
Bowser Jr.,Mega Man,Roy,Red
King Dedede,Mii Swordfighter,Lucas,Red
,Link,Dr. Mario,Yellow
Dark Samus,Banjo & Kazooie,,Red
,Cloud,Wii Fit Trainer,Blue
Kirby,Mr. Game & Watch,Bayonetta,Red
Zelda,Richter,Wolf,Blue
Pac-Man,Villager,Link,Yellow
Hero,Ken,Pokemon Trainer,Red
Shulk,Luigi,,Blue
Ken,Jigglypuff,Mii Swordfighter,Yellow
Dark Pit,,Pac-Man,Red
,Wolf,Falco,Blue
Robin,Piranha Plant,Isabelle,Blue
Bowser,Shulk,Link,Red
Wolf,Ryu,Pac-Man,Blue
Inkling,Pyra & Mythra,Joker,Red
Bayonetta,Ridley,Kirby,Blue
Banjo & Kazooie,,Lucario,Red
Toon Link,Incineroar,Joker,Yellow
Pit,Corrin,Yoshi,Blue
Isabelle,Mr. Game & Watch,Joker,Blue
Pikachu,Lucario,Mario,Red
Roy,Marth,Pac-Man,Red
Joker,Steve,,Red
Sheik,Simon,Kirby,Yellow
Toon Link,Incineroar,,Blue
Pac-man,Terry,Mii Swordfighter,Yellow
Inkling,King K. Rool,Lucario,Red
Ryu,Ness,Ridley,Blue
Sonic,Marth,Joker,Yellow
Roy,Pikachu,Wolf,Blue
Zero Suit Samus,Kirby,Hero,Red
Mii Brawler,Falco,Meta Knight,Red
Donkey Kong,Wii Fit Trainer,King K. Rool,Blue
Ken,Mega Man,Pyra & Mythra,Yellow
Piranha Plant,Captain Falcon,Ken,Blue
Ice Climbers,Wii Fit Trainer,Ness,Yellow
Ice Climbers,Mega Man,Dr. Mario,Red
Kirby,,,
Toon Link,,Inkling,Red
Mario,King K. Rool,,Blue
Dr. Mario,Shulk,,Blue
Banjo & Kazooie,,Steve,Red
Peach,Min Min,Wolf,Blue
Piranha Plant,Mr. Game & Watch,,Red
Daisy,Peach,Dark Pit,Blue
Mii Brawler,Simon,Captain Falcon,Blue
Meta Knight,Robin,,Blue
Ken,Isabelle,Daisy,Blue
Kirby,Toon Link,,Blue
Captain Falcon,Pikachu,Wii Fit Trainer,Yellow
Mario,Pyra & Mythra,,Blue
Diddy Kong,Sonic,Chrom,Yellow
Daisy,Jigglypuff,Palutena,Yellow
Pac Man,Ridley,Sheik,Red
,Toon Link,Sheik,Blue
Bowser Jr.,R.O.B.,Roy,Yellow
Min Min,Bowser Jr.,Zelda,Blue
Mario,Pikachu,,Red
Joker,Dark Samus,Snake,Blue
Toon Link,Pikachu,,Red
Simon,Captain Falcon,Mr. Game & Watch,Yellow
Pit,Palutena,Corrin,Blue
,Robin,King K. Rool,Blue
Lucario,King K. Rool,Isabelle,Blue
Random,R.O.B.,Diddy Kong,Blue
Yoshi,Ridley,Pichu,Blue
Diddy Kong,Banjo & Kazooie,,Blue
,Pichu,R.O.B.,Yellow
Sheik,R.O.B.,Jigglypuff,Yellow
Mewtwo,Lucina,Pac-Man,Red
Kirby,Wii Fit Trainer,Jigglypuff,Red
R.O.B.,Mii Swordfighter,Min Min,Red
Mii Swordfighter,Link,R.O.B.,Red
Mr. Game & Watch,Luigi,Fox,Yellow
Dark Samus,Incineroar,Richter,Blue
Sonic,Joker,Young Link,Red
Diddy Kong,Diddy Kong,,Red
Dark Samus,Ness,Mewtwo,Red
Isabelle,Cloud,Duck Yellow,Red
Zelda,Ike,,Red
Rosalina & Luma,Robin,R.O.B,Red
Mario,,Piranha Plant,Yellow
Daisy,Hero,Lucina,Yellow
Pit,,King K. Rool,Yellow
King Dedede,Kazuya,Mii Gunner,Yellow
Hero,Fox,,Red
Zero Suit Samus,Min Min,Hero,Blue
Piranha Plant,Byleth,Toon Link,Yellow
Joker,Sonic,Ice Climbers,Blue
Lucas,Wii Fit Trainer,Ice Climbers,Blue
Chrom,Link,Hero,Blue
Lucario,Richter,Greninja,Yellow
Pyra & Mythra,Wolf,Hero,Yellow
Dark Samus,Link,Samus,Yellow
Palutena,Chrom,Terry,Yellow
Ganondorf,Sonic,Samus,Red
Lucario,Diddy Kong,Villager,Blue
Donkey Kong,,Banjo & Kazooie,Red
Pit,Dark Pit,Incineroar,Yellow
Sonic,Roy,Random,Yellow
Greninja,Random,Ike,Blue
Wolf,Lucario,Kazuya,Yellow
Corrin,Young Link,Incineroar,Red
Bowser,Kirby,Young Link,Red
R.O.B.,Ridley,Chrom,Blue
Zelda,Simon,,Red
Donkey Kong,Greninja,R.O.B.,Blue
Kazuya,,Sonic,Red
Kirby,Young Link,Pokemon Trainer,Red
Lucario,Snake,Link,Yellow
Donkey Kong,Hero,Pac-Man,Blue
Sephiroth,Min Min,Ridley,Yellow
Fox,Richter,Wario,Blue
Cloud,Snake,Fox,Red
Toon Link,Ike,,Blue
Banjo & Kazooie,Mii Gunfighter,Joker,Red
,Sephiroth,Samus,Blue
Lucario,Isabelle,Chrom,Red
Isabelle,Sora,,Red
Sephiroth,Villager,Mii Swordfighter,Yellow
Ken,Richter,Young Link,Red
Min Min,Lucina,Sora,Red
Wii Fit Trainer,Steve,Mr. Game & Watch,Yellow
Kirby,Mr. Game & Watch,Dark Pit,Red
Kazuya,Jigglypuff,Pichu,Blue
Sora,Robin,Steve,Blue
,Kirby,Hero,Blue
Link,Toon Link,Young Link,Blue
Banjo & Kazooie,Steve,Mewtwo,Yellow
Min Min,Pokemon Trainer,Steve,Red
Captain Falcon,Random,Isabelle,Yellow
,Ike,Little Mac,Yellow
Bowser,King K. Rool,Sephiroth,Red
Byleth,Inkling,Mr. Game & Watch,Blue
Mario,,Bowser,Yellow
Mii Brawler,Roy,,Blue
,Ganondorf,Bowser,Blue
Donkey Kong,Simon,Marth,Yellow
Hero,,,Red
Peach,Corrin,,Blue
Donkey Kong,Ganondorf,R.O.B.,Blue
Duck Hunt,Joker,Snake,Red
Rosalina & Luma,Mii Gunfighter,Ridley,Blue
Zelda,Peach,Sephiroth,Blue
King Dedede,Isabelle,Piranha Plant,Yellow
Pikachu,Palutena,Toon Link,Red
Banjo & Kazooie,Greninja,Lucas,Red
Ryu,Mega Man,Fox,Blue
Min Min,Inkling,Falco,Blue
Dark Pit,Pyra & Mythra,,Blue
Mario,Pyra & Mythra,Hero,Red
Link,Robin,Roy,Yellow
Banjo & Kazooie,Incineroar,,Blue
Luigi,Ike,R.O.B.,Yellow
Bowser,Pichu,Terry,Yellow
,King K. Rool,Link,Blue
Min Min,,,
Kirby,Shulk,Mii Brawler,Blue
Ness,Simon,Kirby,Blue
Mii Brawler,Wii Fit Trainer,Ken,Red
Villager,Ganondorf,Mewtwo,Blue
Dr. Mario,Hero,Isabelle,Yellow
Hero,Olimar,Steve,Red
Wario,Pyra & Mythra,King Dedede,Blue
Richter,Luigi,Pyra & Mythra,Yellow
Min Min,Kirby,Sheik,Blue
Lucario,Pyra & Mythra,Ganondorf,Red
Pikachu,Duck Hunt,Mii Brawler,Red
Toon Link,Ness,,Red
Yoshi,Ness,Hero,Yellow
Bowser,Simon,Greninja,Blue
Zelda,Pichu,Chrom,Red
Palutena,Captain Falcon,Kirby,Yellow
Toon Link,Sora,Cloud,Yellow
Toon Link,Byleth,Random,Red
Kazuya,,Steve,Red
Steve,Mii Swordfighter,Wario,Blue
Ike,Isabelle,Fox,Blue
Villager,Terry,Richter,Blue
Hero,Ice Climbers,,Blue
Pac-Man,Greninja,Olimar,Blue
Min Min,Samus,,Blue
Duck Hunt,Luigi,Falco,Blue
Meta Knight,Min Min,Little Mac,Yellow
Villager,Samus,,Blue
Yoshi,Kirby,,Red
R.O.B.,Simon,Ganondorf,Red
Min Min,Marth,,Red
Bowser,Simon,Wolf,Red
Isabelle,Mii Gunner,Wii Fit Trainer,Red
Dark Samus,Ike,,Blue
Banjo & Kazooie,Incineroar,,Blue
Pichu,Bowser,Ike,Yellow
Mr. Game & Watch,Daisy,Isabelle,Yellow
Ridley,Pac-Man,Pichu,Blue
Incineroar,Jigglypuff,,Blue
Kirby,Rosalina & Luma,Random,Red
Donkey Kong,Pac-Man,Snake,Red
Shulk,Villager,Richter,Yellow
Inkling,Shulk,Pit,Red
,King K. Rool,Little Mac,Blue
Wii Fit Trainer,King K. Rool,Sheik,Yellow
Chrom,Cloud,Mii Gunner,Yellow
Mega Man,Bowser,Isabelle,Yellow
,Ganondorf,Random,Blue
Mr. Game & Watch,Snake,Joker,Yellow
Richter,,Donkey Kong,Red
Sora,Pyra & Mythra,Sheik,Blue
Luigi,Corrin,,Red
Donkey Kong,Cloud,Jigglypuff,Blue
Corrin,Isabelle,Lucas,Yellow
Inkling,King K. Rool,,Red
Kirby,Luigi,Link,Yellow
Mii Gunner,Corrin,Steve,Red
Random,Mii Gunner,Olimar,Blue
Shulk,King K. Rool,,Blue
,Byleth,Hero,Yellow
Samus,Jigglypuff,Cloud,Red
,Pyra & Mythra,Olimar,Blue
Peach,Pyra & Mythra,,Blue
Ganondorf,Palutena,Chrom,Blue
Greninja,Pit,Terry,Red
Yoshi,Falco,Little Mac,Red
Robin,Wario,Peach,Red
Samus,Pit,Ganondorf,Blue
Snake,Bowser Jr.,Ridley,Red
Bowser,Palutena,Little Mac,Yellow
,Mii Gunner,King K. Rool,Blue
Random,Mega Man,Ganondorf,Blue
Min Min,Banjo & Kazooie,Random,Blue
Banjo & Kazooie,,Corrin,Red
Jigglypuff,Daisy,Olimar,Yellow
Lucina,Mii Swordfighter,Kirby,Yellow
Isabelle,Wii Fit Trainer,Samus,Red
Snake,,Wii Fit Trainer,Yellow
Zero Suit Samus,Ridley,Duck Hunt,Blue
Ken,Lucas,Incineroar,Blue
Pit,Simon,Piranha Plant,Red
Sheik,Fox,Mii Brawler,Yellow
R.O.B.,Min Min,Donkey Kong,Red
Bowser,Steve,Ike,Blue
Inkling,Pikachu,Samus,Blue
Ken,Joker,Little Mac,Red
Yoshi,Link,Little Mac,Red
Sonic,Robin,Fox,Red
Inkling,,Lucina,Red
Diddy Kong,Zero Suit Samus,Daisy,Red
Ganondorf,Kirby,Ice Climbers,Blue
Bowser Jr.,Young Link,Sheik,Blue
Chrom,,Bowser,Yellow
Pac-Man,Joker,Dr. Mario,Yellow
,Young Link,Min Min,Blue
Inkling,King K. Rool,,Red
Random,Link,Sora,Blue
Duck Hunt,Sephiroth,,Red
Villager,Robin,Wolf,Yellow
Inkling,,Piranha Plant,Yellow
Falco,Ryu,Hero,Red
Mewtwo,Dark Samus,Isabelle,Yellow
Lucina,Ike,Young Link,Yellow
Ganondorf,Corrin,,Red
Toon Link,Toon Link,,Red
Kirby,"Bowser Jr,",Richter,Blue
Random,Wario,Random,Yellow
Pichu,Samus,Pikachu,Blue
Pit,Mario,,Blue
Zero Suit Samus,Roy,,Blue
Mario,Steve,Banjo & Kazooie,Yellow
Roy,Mega Man,Mii Gunner,Yellow
Villager,Samus,Sora,Blue
Mii Brawler,Cloud,,Red
Bayonetta,Daisy,Meta Knight,Blue
Byleth,Mii Gunner,Sora,Blue
R.O.B.,Wario,Wolf,Blue
,Terry,Mewtwo,Blue
Mii Gunner,Villager,Piranha Plant,Yellow
Dark Pit,Cloud,Simon,Blue
Kirby,Richter,Random,Red
Mario,"Bowser Jr,",,Blue
Daisy,Mii Gunner,Peach,Blue
Ness,Pac-Man,Hero,Yellow
Ryu,Lucina,Isabelle,Blue
Joker,Samus,,Blue
R.O.B.,Ridley,Banjo & Kazooie,Yellow
Captain Falcon,Cloud,Joker,Yellow
Piranha Plant,Wario,Yoshi,Red
Piranha Plant,,Ness,Yellow
Mewtwo,Terry,Mr. Game & Watch,Yellow
Hero,,Little Mac,Yellow
Dark Samus,Samus,,Blue
Banjo & Kazooie,Pit,Lucina,Red
Donkey Kong,Ridley,Pichu,Red
Lucas,Samus,Ice Climbers,Blue
Ganondorf,Rosalina & Luma,Captain Falcon,Red
Diddy Kong,Fox,Daisy,Red
Lucario,"Bowser Jr,",Hero,Blue
,Pyra & Mythra,Little Mac,Yellow
Min Min,Mii Gunner,Toon Link,Red
Ganondorf,Fox,Meta Knight,Red
Villager,Donkey Kong,Pyra & Mythra,Blue
Sheik,Toon Link,Greninja,Yellow
Rosalina & Luma,Mario,Shulk,Red
Banjo & Kazooie,Byleth,Fox,Red
Pac-Man,Luigi,Meta Knight,Blue
Kazuya,Little Mac,Duck Hunt,Yellow
Ganondorf,Lucina,Dark Pit,Yellow
Terry,Piranha Plant,Wii Fit Trainer,Red
Cloud,Mii Swordfighter,Meta Knight,Blue
Wario,Daisy,Diddy Kong,Blue
Sonic,Cloud,Duck Hunt,Yellow
Robin,Pyra & Mythra,Little Mac,Blue
Snake,Greninja,Zero Suit Samus,Blue
Sonic,Ike,Joker,Red
Rosalina & Luma,Mii Swordfighter,Steve,Blue
Dark Samus,Samus,Roy,Blue
Mario,,,
Villager,Marth,Kazuya,Blue
Joker,Diddy Kong,,Red
Yoshi,Bowser Jr.,Luigi,Red
Diddy Kong,Sephiroth,Roy,Blue
Mii Swordfighter,Bowser,Little Mac,Yellow
Lucina,Kazuya,Ness,Yellow
Min Min,Ike,,Red
Ice Climbers,Pyra & Mythra,Rosalina & Luma,Blue
Min Min,Link,Shulk,Red
Peach,Daisy,Ness,Red
Daisy,Luigi,Mario,Yellow
Terry,Pit,Incineroar,Blue
Toon Link,Diddy Kong,Dr. Mario,Red
Mario,King K. Rool,,Red
Rosalina & Luma,Palutena,Terry,Blue
Ryu,Cloud,Lucas,Blue
Kirby,Hero,Inkling,Yellow
,,Hero,
Sonic,R.O.B.,Toon Link,Red
Mr. Game & Watch,Luigi,Jigglypuff,Yellow
Ken,Ryu,Hero,Yellow
Donkey Kong,Ken,Ness,Yellow
Sonic,Falco,Ness,Blue
Greninja,Banjo & Kazooie,Rosalina & Luma,Blue
Samus,Ike,Hero,Red
Olimar,King Dedede,Lucas,Blue
Inkling,Falco,Sonic,Red
Dark Pit,,Dark Samus,Red
Diddy Kong,Pichu,Marth,Red
Dr. Mario,Palutena,Sonic,Red
Random,Ganondorf,Palutena,Blue
Captain Falcon,Mii Swordfighter,Mii Brawler,Blue
Lucario,Bayonetta,Steve,Yellow
Donkey Kong,Random,Mii Swordfighter,Red
Rosalina & Luma,Lucario,Richter,Red
Samus,Sora,Toon Link,Red
Ridley,Mii Brawler,Isabelle,Yellow
,,Meta Knight,
Palutena,Corrin,,Blue
Kirby,Terry,,Red
Banjo & Kazooie,Incineroar,Ike,Red
King Dedede,Greninja,Mario,Yellow
King Dedede,Mii Swordfighter,Hero,Red
Mario,Corrin,,Blue
Luigi,Diddy Kong,Piranha Plant,Yellow
King Dedede,R.O.B.,Greninja,Red
Kirby,Pyra & Mythra,Banjo & Kazooie,Yellow
Rosalina & Luma,Mii Swordfighter,Duck Hunt,Red
,Bowser,Byleth,Blue
Bowser,Samus,,Red
Snake,Zero Suit Samus,Bayonetta,Red
King Dedede,Banjo & Kazooie,,Red
Pit,Dark Pit,Palutena,Yellow
Joker,Shulk,Min Min,Red
Palutena,Random,Mega Man,Red
Simon,Wolf,Olimar,Red
Bayonetta,Ridley,Lucario,Yellow
Dark Samus,Pichu,,Red
Marie,Ridley,Pac-Man,Yellow
Sonic,Chrom,Snake,Red
Mewtwo,Random,Marth,Red
Peach,Samus,Ike,Blue
King Dedede,Lucas,Dark Pit,Blue
,Pyra & Mythra,Banjo & Kazooie,Blue
Robin,Pac-Man,Diddy Kong,Blue
R.O.B.,Ryu,Luigi,Blue
Inkling,"Bowser Jr,",,Blue
Terry,Sephiroth,Meta Knight,Red
Ike,Pikachu,Isabelle,Red
Sephiroth,Mii Gunner,Sonic,Yellow
Rosalina & Luma,Dr. Mario,Fox,Red
,,Little Mac,
Donkey Kong,Wii Fit Trainer,Falco,Blue
Bowser,Ridley,Mii Brawler,Red
Min Min,Bowser Jr.,Mega Man,Blue
Greninja,Dark Samus,,Blue
Toon Link,Mii Gunner,Isabelle,Yellow
King K. Rool,Terry,Yoshi,Yellow
Luigi,Piranha Plant,Mewtwo,Yellow
Zelda,Wolf,Snake,Red
Meta Knight,,Byleth,Red
Steve,Pac-Man,Little Mac,Yellow
Cloud,Piranha Plant,Marth,Yellow
Robin,King K. Rool,Olimar,Red
Daisy,Zelda,Mario,Yellow
King Dedede,Richter,Mii Swordfighter,Red
Daisy,,Inkling,Yellow
Robin,Bayonetta,Mii Brawler,Blue
Diddy Kong,King K. Rool,Duck Hunt,Red
Kazuya,,Little Mac,Yellow
Lucina,Wii Fit Trainer,Kazuya,Blue
Piranha Plant,,Greninja,Red
Steve,King K. Rool,Fox,Blue
,Sephiroth,,
Corrin,Dark Samus,,Red
Kirby,,Bowser,Red
Terry,Mii Gunner,Ganondorf,Red
Samus,Corrin,Cloud,Blue
Banjo & Kazooie,Marth,R.O.B.,Blue
Ike,,,Blue
Terry,Pac-Man,Hero,Yellow
Sonic,Banjo & Kazooie,Pikachu,Blue
Lucario,King K. Rool,Mii Swordfighter,Blue
Joker,Ness,,Red
Ike,Dark Pit,Mega Man,Red
Random,Samus,,Blue
Bowser,Robin,Banjo & Kazooie,Blue
Lucas,R.O.B.,Roy,Blue
Robin,Jigglypuff,King Dedede,Red
Wii Fit Trainer,Dr. Mario,Pac Man,Red
Pit,Ganondorf,Terry,Yellow
Luigi,Roy,,Red
,Byleth,Olimar,Blue
Samus,Roy,Donkey Kong,Blue
Villager,Alph,Donkey Kong,Red
Kirby,Samus,Greninja,Red
Shulk,Diddy Kong,Mii Gunner,Blue
Ridley,Pokemon Trainer,Mii Brawler,Red
Peach,Kirby,Falco,Blue
Duck Hunt,Greninja,Ridley,Blue
Kazuya,Sheik,Mii Swordfighter,Yellow
Min Min,Falco,R.O.B.,Red
Rosalina & Luma,Pichu,Wolf,Yellow
Chrom,Min Min,Simon,Blue
Rosalina & Luma,Lucas,Min Min,Red
Donkey Kong,R.O.B.,Sora,Blue
Cloud,Ike,Wii Fit Trainer,Blue
Zero Suit samus,Lucas,Wii Fit Trainer,Red
Steve,Dr. Mario,Mr. Game & Watch,Red
Mega Man,Bowser Jr.,Mario,Blue
King Dedede,Terry,Ness,Yellow
Zelda,Mega Man,Roy,Blue
Banjo & Kazooie,Bowser,,Blue
Banjo & Kazooie,,Ness,Red
Sonic,King K. Rool,,Blue
Mii Brawler,Falco,Ridley,Blue
Link,Sora,Corrin,Red
Ice Climbers,Pac-Man,Captain Falcon,Red
Bowser,Richter,Piranha Plant,Blue
Byleth,Captain Falcon,Kazuya,Yellow
Villager,Kazuya,Shulk,Blue
Peach,Sephiroth,Greninja,Blue
Bowser,Lucina,Cloud,Blue
Toon Link,Falco,Ice Climbers,Red
Robin,Olimar,Ridley,Yellow
Captain Falcon,Sephiroth,Joker,Yellow
Mii Gunner,Pichu,Falco,Blue
Bowser Jr.,Mario,Chrom,Red
Roy,Rosalina & Luma,Piranha Plant,Yellow
Mega Man,Simon,Lucas,Blue
Zelda,Meta Knight,Ice Climbers,Yellow
Ryu,King K. Rool,Jigglypuff,Red
Marop,Byleth,Kazuya,Blue
Duck,Toon Link,Kirby,Yellow
Samus,Palutena,Ganondorf,Red
Inkling,Pikachu,Steve,Red
Mii Brawler,Zelda,Piranha Plant,Red
Joker,Pikachu,Wolf,Yellow
Hero,,Wolf,Red
Ganondorf,Alph,Ike,Blue
Toon Link,Pyra & Mythra,,Red
Corrin,Bowser Jr.,Mii Gunner,Yellow
Yoshi,Mr. Game & Watch,,Red
,Bowser Jr.,Villager,Blue
Marth,Zero Suit Samus,Meta Knight,Yellow
Robin,Byleth,Mii Gunner,Blue
Diddy Kong,Isabelle,Snake,Blue
Dark Samus,Ganondorf,Random,Yellow
Olimar,Peach,Sheik,Red
Kirby,Roy,Terry,Red
Lucina,Marth,Cloud,Blue
Captain Falcon,Pac-Man,Toon Link,Red
Samus,Dark Samus,,Blue
Min Min,Byleth,Dark Pit,Red
,Roy,Pikachu,Blue
Richter,Steve,,Blue
Little Mac,Kazuya,Dark Samus,Blue
King Dedede,Dark Pit,Inkling,Yellow
Zero Suit Samus,Pichu,Mii Gunner,Blue
Pokemon Trainer,Inkling,Bowser Jr.,Blue
Ken,Richter,Olimar,Blue
Fox,Young Link,Zelda,Blue
Chrom,Pit,Piranha Plant,Yellow
Sonic,Simon,Meta Knight,Blue
Incineroar,Incineroar,,Blue
Pikachu,Link,Jigglypuff,Blue
Hero,,,Yellow
Dark Pit,Fox,Duck Hunt,Yellow
Duck Hunt,Peach,Little Mac,Yellow
Roy,Hero,Byleth,Red
Luigi,Simon,,Blue
Wii Fit Trainer,Kazuya,Zelda,Red
Duck Hunt,Marth,Shulk,Yellow
,,Hero,
Random,Fox,Pyra & Mythra,Blue
Peach,,Sora,Yellow
Yoshi,Mario,,Red
Zero Suit Samus,Corrin,Chrom,Blue
Mii Brawler,Simon,Kazuya,Blue
Mario,Captain Falcon,King K. Rool,Blue
Lucas,Richter,King Dedede,Blue
Robin,Sephiroth,Kirby,Blue
Falco,Link,Sheik,Blue
Falco,Bowser Jr.,Simon,Blue
Isabelle,,R.O.B.,Yellow
Pac-Man,King Dedede,Fox,Red
,Diddy Kong,Dr. Mario,Blue
Samus,Roy,King Dedede,Red
Olimar,Shulk,Ken,Blue
Random,Hero,Inkling,Red
Robin,Ryu,Ness,Blue
Sonic,Bayonetta,,Blue
Banjo & Kazooie,Chrom,Kirby,Red
Kirby,Byleth,Ice Climbers,Red
Toon Link,Ness,Wolf,Blue
Meta Knight,Pyra & Mythra,Jigglypuff,Blue
Diddy Kong,Random,Terry,Red
Sheik,Sora,Pichu,Blue
Mii Swordfighter,Marth,Yoshi,Blue
Wario,Isabelle,Ridley,Blue
Mario,Pichu,,Blue
,Samus,Pyra & Mythra,Blue
Donkey Kong,Cloud,,Blue
Snake,Diddy Kong,Hero,Yellow
Lucas,Robin,Wii Fit Trainer,Red
Banjo & Kazooie,Snake,Falco,Blue
Daisy,Pac-Man,Marth,Blue
Captain Falcon,Jigglypuff,King Dedede,Blue
Palutena,Pichu,Sheik,Red
Ice Climbers,Ridley,Little Mac,Ridley
Yoshi,Ryu,Robin,Red
Joker,Incineroar,,Blue
Lucina,Pac-Man,Sora,Blue
Kirby,Lucas,,Red
Kirby,Bowser,Joker,Yellow
King Dedede,Mr. Game & Watch,Meta Knight,Yellow
King Dedede,,Ganondorf,Red
Sora,Joker,Isabelle,Yellow
Lucario,Piranha Plant,Terry,Blue
Greninja,Byleth,Corrin,Blue
King K. Rool,Piranha Plant,Wolf,Yellow
Dark Pit,Inkling,Isabelle,Yellow
,Ganondorf,Pac-Man,Blue
Peach,King K. Rool,Robin,Blue
Zelda,Mewtwo,Hero,Yellow
,Pyra & Mythra,Hero,Blue
Donkey Kong,Robin,Meta Knight,Red
Daisy,Corrin,Lucario,Red
Rosalina & Luma,Cloud,Wolf,Blue
Luigi,King K. Rool,,Blue
Palutena,Corrin,Cloud,Yellow
Mario,Shulk,Lucario,Yellow
Diddy Kong,Mewtwo,Inkling,Yellow
Mii Gunner,Robin,Yoshi,Red
Dr. Mario,Fox,Mii Swordfighter,Yellow
Bowser Jr.,Ryu,Ken,Blue
Kazuya,Bowser Jr.,Mr. Game & Watch,Red
Banjo & Kazooie,Zelda,Dr. Mario,Red
,Wario,Wolf,Yellow
Lucario,Zelda,Mii Swordfighter,Blue
Bowser,Roy,Ness,Yellow
Mario,Samus,Pit,Yellow
Mario,Banjo & Kazooie,Random,Blue
King Dedede,Dark Samus,,Red
Joker,Wario,Byleth,Red
Mii Brawler,Sephiroth,Min Min,Yellow
Mario,,Min Min,Red
Min Min,Toon Link,Zelda,Blue
Isabelle,Dark Samus,Ness,Blue
Wii Fit Trainer,Banjo & Kazooie,Joker,Yellow
Mario,Falco,,Red
King Dedede,Pikachu,Isabelle,Blue
Piranha Plant,Dark Pit,Lucario,Blue
Dr. Mario,Pichu,Sonic,Yellow
Mario,,Captain Falcon,Red
Ryu,Pokemon Trainer,Sonic,Yellow
Zero Suit Samus,Pikachu,Inkling,Blue
Bowser,R.O.B.,Mii Brawler,Red
Zelda,Roy,Isabelle,Yellow
Duck Hunt,Diddy Kong,Isabelle,Yellow
Mii Brawler,Peach,Mii Swordfighter,Yellow
Pikachu,Wolf,Sheik,Red
Lucario,Robin,Pokemon Trainer,Blue
Random,Pokemon Trainer,Ness,Blue
Mario,Dark Pit,Donkey Kong,Yellow
Samus,Captain Falcon,Byleth,Red
Ganondorf,Steve,Lucas,Red
Sora,Samus,Random,Yellow
Donkey Kong,,Ridley,Red
Ridley,Bowser Jr.,Samus,Yellow
Toon Link,Corrin,Yoshi,Red
Mr. Game & Watch,King Dedede,Ryu,Blue
,Terry,Ryu,Blue
Captain Falcon,Daisy,Mii Swordfighter,Yellow
Kazuya,Steve,Ice Climbers,Yellow
Peach,Palutena,Dark Pit,Blue
Palutena,Zelda,Sora,Blue
Wolf,Ridley,Dr. Mario,Blue
Steve,Sora,Meta Knight,Blue
Daisy,Ice Climbers,Piranha Plant,Red
Duck Hunt,Terry,Simon,Blue
Dr. Mario,Young Link,Bayonetta,Red
Toon Link,Richter,Donkey Kong,Red
Banjo & Kazooie,Sephiroth,Little Mac,Blue
Palutena,Zero Suit Samus,Diddy Kong,Red
Steve,Greninja,Mega Man,Blue
Hero,Kazuya,Toon Link,Red
Min Min,Mr. Game & Watch,Inkling,Red
Snake,King K. Rool,Pokemon Trainer,Blue
Duck Hunt,Diddy Kong,,Blue
Sonic,Incineroar,,Red
Inkling,Sephiroth,,Blue
,,Meta Knight,
Sephiroth,Shulk,,Blue
Jigglypuff,Ganondorf,Luigi,Yellow
Donkey Kong,Ryu,Luigi,Red
Samus,Simon,Zero Suit Samus,Red
Palutena,Steve,Random,Blue
Mewtwo,Ike,Ness,Blue
Inkling,Steve,Little Mac,Blue
Sonic,Jigglypuff,Mii Brawler,Blue
King Dedede,Sora,Mii Swordfighter,Blue
Villager,Ness,Falco,Blue
Ice Climbers,Rosalina & Luma,Ness,Yellow
Corrin,Pikachu,,Blue
Robin,Pikachu,Lucina,Red
Donkey Kong,Jigglypuff,Random,Blue
Random,Ganondorf,Ryu,Blue
,Jigglypuff,Lucina,Yellow
Link,Sora,Roy,Blue
Dark Samus,Sephiroth,,Blue
Captain Falcon,Captain Falcon,Kirby,Yellow
Hero,,Little Mac,Red
Chrom,Sephiroth,Jigglypuff,Red
R.O.B.,Simon,Meta Knight,Yellow
Zero Suit Samus,Byleth,Mr. Game & Watch,Blue
Bayonetta,Mii Gunner,Ridley,Blue
Ice Climbers,Mii Swordfighter,Piranha Plant,Red
Marth,Ike,Dark Pit,Blue
Mega Man,Random,Yoshi,Red
Inkling,Dark Samus,Lucas,Blue
Ganondorf,Piranha Plant,Bowser Jr.,Blue
Kirby,,R.O.B.,Red
Palutena,Mii Gunner,Cloud,Blue
Incineroar,Pyra & Mythra,Snake,Blue
Daisy,Falco,Ken,Blue
Luigi,Marth,Lucario,Yellow
Yoshi,Steve,Banjo & Kazooie,Blue
Greninja,Corrin,Bowser Jr.,Blue
Joker,Kirby,Ike,Blue
,Random,Lucina,Yellow
Ridley,Mr. Game & Watch,Mega Man,Yellow
Bowser,Mega Man,Duck Hunt,Red
Inkling,Diddy Kong,Incineroar,Red
Samus,Sephiroth,Isabelle,Red
Joker,Pokemon Trainer,Pac-Man,Red
,,Lucas,
Wii Fit Trainer,Ryu,Kazuya,Blue
Ness,Mii Gunner,Yoshi,Red
Ryu,Bowser,Mario,Blue
,Random,Terry,Blue
Pikachu,Dr. Mario,Ness,Yellow
Joker,Incineroar,,Blue
Palutena,Wii Fit Trainer,Richter,Red
,Diddy Kong,Sonic,Blue
Lucas,Palutena,Ice Climbers,Blue
